<?xml version="1.0"?>
<cx:publisherTargeting xmlns:cx="http://cxense.com/cxad/api/cxad">
  <cx:templateId>0000000162a97fe9</cx:templateId>
  <cx:publisherTarget>
        <cx:url>http://m.nt.se</cx:url>
        <cx:targetType>POSITIVE</cx:targetType>
      </cx:publisherTarget>
      <cx:publisherTarget>
        <cx:url>http://m.folkbladet.se</cx:url>
        <cx:targetType>POSITIVE</cx:targetType>
      </cx:publisherTarget>
      <cx:publisherTarget>
        <cx:url>http://mobil.nt.se</cx:url>
        <cx:targetType>POSITIVE</cx:targetType>
      </cx:publisherTarget>
      <cx:publisherTarget>
        <cx:url>http://mobil.folkbladet.se</cx:url>
        <cx:targetType>POSITIVE</cx:targetType>
      </cx:publisherTarget>
</cx:publisherTargeting>